start_time,model,naive_2d,naive_7d,mean_7d
2026-10-10T23:00:00Z,54.25,29.21,158.7,129.83
2026-10-10T23:30:00Z,54.35,24.77,150.82,126.77
2026-10-11T00:00:00Z,55.42,23.62,144.58,122.08
2026-10-11T00:30:00Z,57.49,20.07,151.81,121.96
2026-10-11T01:00:00Z,67.87,28.21,151.16,122.12
2026-10-11T01:30:00Z,59.09,36.83,148.55,123.11
2026-10-11T02:00:00Z,72.06,30.91,146.81,122.3
2026-10-11T02:30:00Z,66.5,33.07,138.64,121.92
2026-10-11T03:00:00Z,83.71,33.01,141.57,122.88
2026-10-11T03:30:00Z,85.31,29.95,137.6,122.26
2026-10-11T04:00:00Z,86.86,54.24,146.11,137.87
2026-10-11T04:30:00Z,88.82,69.59,145.29,145.65
2026-10-11T05:00:00Z,95.7,74.72,149.39,148.32
2026-10-11T05:30:00Z,89.21,78.67,147.13,157.55
2026-10-11T06:00:00Z,105.46,71.35,126.9,151.74
2026-10-11T06:30:00Z,109.89,69.52,130.01,157.34
2026-10-11T07:00:00Z,113.56,59.52,126.3,142.88
2026-10-11T07:30:00Z,112.07,56.8,120.13,141.91
2026-10-11T08:00:00Z,100.1,46.58,93.24,120.54
2026-10-11T08:30:00Z,106.75,44.05,102.54,119.73
2026-10-11T09:00:00Z,104.19,39.35,41.74,106.02
2026-10-11T09:30:00Z,103.99,36.56,31.4,100.55
2026-10-11T10:00:00Z,94.81,44.05,14.06,88.85
2026-10-11T10:30:00Z,94.74,40.31,14.31,89.32
2026-10-11T11:00:00Z,94.21,40.59,20.28,86.85
2026-10-11T11:30:00Z,91.46,33.08,17.66,84.63
2026-10-11T12:00:00Z,93.64,32.42,33.38,88.31
2026-10-11T12:30:00Z,93.41,27.24,30.65,87.36
2026-10-11T13:00:00Z,98.44,33.13,46.5,95.74
2026-10-11T13:30:00Z,101.48,30.2,56.57,100.52
2026-10-11T14:00:00Z,113.26,47.85,100.08,126.08
2026-10-11T14:30:00Z,119.21,50.89,105.22,132.1
2026-10-11T15:00:00Z,134.29,51.92,141.74,157.53
2026-10-11T15:30:00Z,134.52,69.58,135.99,161.73
2026-10-11T16:00:00Z,139.52,84.95,171.36,189.63
2026-10-11T16:30:00Z,137.87,88.03,174.79,195.42
2026-10-11T17:00:00Z,140.67,98.73,183.97,202.9
2026-10-11T17:30:00Z,151.76,117.99,187.93,210.54
2026-10-11T18:00:00Z,149.81,114.29,183.12,191.66
2026-10-11T18:30:00Z,149.05,114.94,180.35,189.82
2026-10-11T19:00:00Z,148.54,116.0,163.35,175.35
2026-10-11T19:30:00Z,134.99,88.68,156.38,164.49
2026-10-11T20:00:00Z,136.4,101.64,148.87,157.35
2026-10-11T20:30:00Z,129.86,72.62,146.71,144.31
2026-10-11T21:00:00Z,125.35,85.59,140.18,142.26
2026-10-11T21:30:00Z,118.26,63.62,135.51,131.43
2026-10-11T22:00:00Z,110.83,61.09,121.82,112.99
2026-10-11T22:30:00Z,112.19,50.9,122.67,112.26
