month,naive_2d,naive_7d,mean_7d,model
2024-04,26.017480862908833,28.098114126652753,22.993831229081753,15.423978814190438
2024-05,16.194361559139786,16.492862903225806,12.796997887864823,12.555167913606045
2024-06,25.00195138888889,26.774590277777776,21.07125496031746,17.4633220111283
2024-07,17.486155913978497,16.704462365591397,13.62801267281106,10.93403448418627
2024-08,28.093635752688172,34.653823924731185,27.094173387096774,16.04567686070337
2024-09,19.941520833333335,22.594784722222222,16.099116071428572,12.83706804377764
2024-10,26.99720134228188,25.297825503355707,20.845300095877274,15.790330077183235
2024-11,18.979388888888888,16.1223125,14.549499999999998,14.915195474732915
2024-12,39.30534274193548,43.43577284946237,38.39284370199693,23.008232479415774
2025-01,39.00933467741935,43.293797043010755,37.469337557603694,26.10843823155476
2025-02,17.847738095238096,25.403995535714287,19.87247767857143,13.985701069660422
2025-03,17.6585733512786,21.895309555854645,16.65507690828687,13.539394885865326
2025-04,26.095458333333333,22.261354166666667,17.156685515873015,14.87384457012491
2025-05,25.89290322580645,22.16449596774194,20.86162346390169,13.489210833939113
2025-06,36.04679298245614,36.479494736842106,29.205784795321637,18.78848400566835
2025-07,16.804480651731165,17.255458248472507,14.15366825073546,10.874925897095876
2025-08,19.196344086021504,25.388534946236557,20.076486175115207,12.413735866656458
2025-09,36.206019485038276,36.077453027139875,26.74866537429168,15.139197816792565
2025-10,26.3473355704698,30.165208053691277,26.703128475551296,16.322797320607116
2025-11,18.35472916666667,20.9495625,16.035233134920635,13.89676454548825
2025-12,14.87710349462366,15.19413306451613,11.166146313364054,11.054184725630511
2026-01,18.978803763440858,21.36744623655914,17.366221198156683,18.74010035356443
2026-02,13.861971726190475,14.97019345238095,11.353880739795919,11.219913097016263
2026-03,39.0243203230148,44.159374158815616,34.93186887137089,25.4593896814104
2026-04,36.89472916666667,36.39470138888889,28.458547619047618,24.170295158511117
2026-05,18.766376518218625,18.793731443994602,14.901137941006361,17.508245301787987
2026-06,37.230201388888894,31.729319444444446,28.532258928571427,20.954783548497
2026-07,29.52322493224932,27.508929539295398,25.688295425216157,22.51942772110383
2026-08,26.042874493927126,32.821255060728745,24.606892391234496,25.21280157597096
2026-09,53.6696568627451,52.36693977591036,49.498579598506076,42.83657513131905
2026-10,28.339687499999997,17.150833333333335,20.890238095238093,22.815052020935564
